reference_sequence,position,gene,indel,variant,reference_base,variant_base,effect,Cat_1,Cat_2,Cat_3,Cat_4,Cat_5,Cat_6,Dog_1,Dog_2,Dog_3,Ferret_1,Hamster_1,Hamster_2,Hamster_3,Passage_1,Passage_2,Passage_3
MN985325,366,"nsp1,orf1ab",FALSE,S34Y,C,A,missense_variant,,,,,,,,,,,,,,,,
MN985325,441,"nsp1,orf1ab",FALSE,G59D,G,A,missense_variant,,0.15,0.06,0.1,,,0.655,0.14,0.655,,0.035,,0.07,,,
MN985325,507,"nsp1,orf1ab",TRUE,G82_V86del,ATGGTCATGTTATGGT,A,disruptive_inframe_deletion,,,,,,,,,0.04,,,,,,,
MN985325,514,"nsp1,orf1ab",TRUE,M85_V86del,TGTTATG,T,conservative_inframe_deletion,,,,,,,,0.045,,,,,,,,
MN985325,657,"nsp1,orf1ab",FALSE,A131V,C,T,missense_variant,,,,,,,,0.045,,,,,,,,
MN985325,772,"nsp1,orf1ab",FALSE,V169V,T,C,synonymous_variant,,,0.05,,,,,0.195,,,,,,,,
MN985325,823,"nsp2,orf1ab",FALSE,V6V,C,T,synonymous_variant,,0.035,,,,,,,,,,,,,,
MN985325,871,"nsp2,orf1ab",FALSE,K22N,A,C,missense_variant,,,,,,,,0.035,,,,,,,,
MN985325,1813,"nsp2,orf1ab",TRUE,G339fs,T,TA,frameshift_variant,,,,,,,,,,,,,,,,
MN985325,1923,"nsp2,orf1ab",FALSE,E373A,A,C,missense_variant,,,,,,,0.07,,,,,,,,,
MN985325,2106,"nsp2,orf1ab",FALSE,T434I,C,T,missense_variant,,,0.135,0.08,,,,,,,,,0.055,,,
MN985325,2549,"nsp2,orf1ab",FALSE,D582Y,G,T,missense_variant,,,,,,,,,,,,,,,,
MN985325,3303,"nsp3,orf1ab",FALSE,E195G,A,G,missense_variant,,,,,,,0.525,,0.555,,,,,,,
MN985325,3511,"nsp3,orf1ab",FALSE,A264A,C,T,synonymous_variant,,,,,,,,,,,,,,,,
MN985325,3918,"nsp3,orf1ab",FALSE,S400N,G,A,missense_variant,,,,,,,,,,,,,,,,
MN985325,4002,"nsp3,orf1ab",FALSE,T428I,C,T,missense_variant,,,,,,,0.055,,,,,,,,,
MN985325,4456,"nsp3,orf1ab",FALSE,A579A,C,T,synonymous_variant,,,,,,,0.06,,,,,,,,,
MN985325,4965,"nsp3,orf1ab",FALSE,T749I,C,T,missense_variant,,0.16,0.055,0.095,,,0.68,0.125,0.59,,,0.04,0.065,,,
MN985325,5165,"nsp3,orf1ab",FALSE,Y816H,T,C,missense_variant,,,,,,,,0.055,,,,,,,,
MN985325,5478,"nsp3,orf1ab",FALSE,H920R,A,G,missense_variant,,,0.05,,,,,0.215,,,,,,,,
MN985325,5953,"nsp3,orf1ab",FALSE,L1078L,G,A,synonymous_variant,,,0.17,0.09,,,,,,,0.055,,0.085,,,
MN985325,6109,"nsp3,orf1ab",FALSE,K1130K,G,A,synonymous_variant,,,,,,,,,,0.03,,,,,,
MN985325,6600,"nsp3,orf1ab",FALSE,E1294G,A,G,missense_variant,,,,,,,,0.105,,,,,,,,
MN985325,6692,"nsp3,orf1ab",FALSE,K1325E,A,G,missense_variant,,,,,,,,,,,,,,,,
MN985325,6696,"nsp3,orf1ab",TRUE,L1328fs,C,CT,frameshift_variant,,,,,,,,,,,,,,,,
MN985325,7988,"nsp3,orf1ab",FALSE,A1757S,G,T,missense_variant,,,,,,,,,,,,,,,,
MN985325,8240,"nsp3,orf1ab",FALSE,H1841Y,C,T,missense_variant,,0.165,0.06,0.095,,,0.695,0.13,0.585,,0.035,,0.065,,,
MN985325,8683,"nsp4,orf1ab",FALSE,I43I,C,T,synonymous_variant,,,,,,,,,,,,,,,,
MN985325,8853,"nsp4,orf1ab",TRUE,V102fs,G,GT,frameshift_variant,,,,,,,,,,,,,,,,
MN985325,9246,"nsp4,orf1ab",FALSE,A231V,C,T,missense_variant,,,,,0.11,0.13,,,,,,,,,,
MN985325,9249,"nsp4,orf1ab",FALSE,G232V,G,T,missense_variant,,,,,,,,,,,,,,,,
MN985325,9566,"nsp4,orf1ab",FALSE,L338V,T,G,missense_variant,,,,,,,,,,,,,,,,
MN985325,9627,"nsp4,orf1ab",TRUE,L360fs,C,CT,frameshift_variant,,,,,,,,0.04,,,,,,,,
MN985325,9940,"nsp4,orf1ab",FALSE,S462S,C,T,synonymous_variant,,,,,,,,,,0.23,,,,,,
MN985325,11074,"nsp6,orf1ab",FALSE,F34F,C,T,synonymous_variant,,,,,,,,,,,,,,,,
MN985325,11074,"nsp6,orf1ab",TRUE,L37fs,C,CT,frameshift_variant,0.05,,,,,,0.075,,0.065,0.055,0.06,0.06,,,,
MN985325,11082,"nsp6,orf1ab",TRUE,L37fs,TG,T,frameshift_variant,,,,,,,0.03,,,,,,,,,
MN985325,11083,"nsp6,orf1ab",FALSE,L37F,G,T,missense_variant,,0.145,0.06,0.09,0.05,0.06,0.64,0.1,0.49,,0.035,,0.06,,,
MN985325,12005,"nsp7,orf1ab",FALSE,L55L,C,T,synonymous_variant,,,,,,,0.03,,0.225,,,,,,,
MN985325,13394,"nsp10,orf1ab",FALSE,K124E,A,G,missense_variant,,,,,0.04,,,,,,,,,,,
MN985325,15036,"nsp12,orf1ab",FALSE,N532T,A,C,missense_variant,,,,,0.06,,,,,,,,,,,
MN985325,15106,"nsp12,orf1ab",FALSE,A555A,A,C,synonymous_variant,,,,,0.03,,,,,0.03,,,0.03,,,
MN985325,15139,"nsp12,orf1ab",FALSE,Ter566Cext*?,A,C,stop_lost,,,0.035,,,,,,,0.03,,,0.03,,,
MN985325,15141,"nsp12,orf1ab",FALSE,P567L,C,T,missense_variant,,,0.05,,,,,0.26,,,,,,,,
MN985325,15168,"nsp12,orf1ab",FALSE,Ter576Ter,G,A,stop_retained_variant,,,,,0.05,,,,,,,,,,,
MN985325,15173,"nsp12,orf1ab",FALSE,Q578K,C,A,missense_variant,,,,,,,,,,,,,,,,
MN985325,15940,"nsp12,orf1ab",FALSE,I833I,C,T,synonymous_variant,,,,,0.06,0.05,,,,,,,,,,
MN985325,16466,"nsp13,orf1ab",FALSE,P77Q,C,A,missense_variant,,,,,,,,,,,,,,,,
MN985325,16756,"nsp13,orf1ab",FALSE,P174S,C,T,missense_variant,,,,,,,,0.035,,,,,,,,
MN985325,17937,"nsp13,orf1ab",FALSE,R567R,A,G,synonymous_variant,,,,,,,,,,,,,,,,
MN985325,17939,"nsp13,orf1ab",FALSE,A568V,C,T,missense_variant,,,,,,,,,,0.105,,,,,,
MN985325,18058,"nsp14,orf1ab",TRUE,K9fs,C,CT,frameshift_variant&stop_gained,,,,,,,,,,,,,,,,
MN985325,18763,"nsp14,orf1ab",FALSE,I242V,A,G,missense_variant,,0.175,0.06,0.095,,,0.71,0.145,0.58,,,,0.06,,,
MN985325,18959,"nsp14,orf1ab",FALSE,A307V,C,T,missense_variant,,,,,,,,,,,,,,,,
MN985325,19572,"nsp14,orf1ab",FALSE,Y511*,C,A,stop_gained,,,,,,,,,,,,,,,,
MN985325,20100,"nsp15,orf1ab",TRUE,L162fs,TAG,T,frameshift_variant,,,,,,,,,,,,,,,,
MN985325,20237,"nsp15,orf1ab",FALSE,R206M,G,T,missense_variant,,,,,,,,,,,,,,,,
MN985325,21022,"nsp16,orf1ab",FALSE,N122D,A,G,missense_variant,,,,,,,,0.15,,,,,,,,
MN985325,21101,"nsp16,orf1ab",TRUE,T151fs,G,GT,frameshift_variant,,,,,,,,,,,,0.035,,,,
MN985325,21575,"S,S",FALSE,L5F,C,T,missense_variant,,,,,,,,,,,,,,,,
MN985325,21646,"S,S",FALSE,Y28Y,C,T,synonymous_variant,,,,,,,,,,,,,,,,
MN985325,21768,"S,S",FALSE,H69R,A,G,missense_variant,,0.055,,,1,0.99,,0.135,,,0.055,,,,,
MN985325,21776,"S,S",FALSE,G72R,G,A,missense_variant,,,,,,,,0.04,,,,,,,,
MN985325,21799,"S,S",FALSE,F79L,T,A,missense_variant,,,0.075,,,,,0.27,,,0.03,,,,,
MN985325,21974,"S,S",FALSE,D138Y,G,T,missense_variant,,0.07,0.055,0.045,,,0.06,0.07,0.29,,0.095,0.12,0.1,,,
MN985325,22117,"S,S",FALSE,N185K,T,G,missense_variant,,,,,,,,,,,0.04,,,,,
MN985325,22205,"S,S",FALSE,D215N,G,A,missense_variant,,0.165,0.065,0.1,,,0.72,0.14,0.78,,,,0.06,,,
MN985325,22296,"S,S",FALSE,H245R,A,G,missense_variant,,,0.055,,,,,,,,,,,,,
MN985325,22301,"S,S",FALSE,S247R,A,C,missense_variant,,0.05,0.125,,,,,0.06,,,,,,,,
MN985325,22343,"S,S",FALSE,G261R,G,C,missense_variant,,,,,,,,,,,,,,,,
MN985325,23064,"S,S",FALSE,N501T,A,C,missense_variant,,,,,,,,,,0.76,,,,,,
MN985325,23282,"S,S",FALSE,D574Y,G,T,missense_variant,,,,,0.04,0.05,,,,,,,,,,
MN985325,23403,"S,S",FALSE,D614G,A,G,missense_variant,,0.155,,,0.99,0.98,,,,,,,,,,
MN985325,23618,"S,S",FALSE,S686G,A,G,missense_variant,0.99,,,,,,,,,,,,,,,
MN985325,23620,"S,S",FALSE,S686R,T,G,missense_variant,,,,,,,,,,,,,,,,
MN985325,25288,"S,S",FALSE,S1242S,T,C,synonymous_variant,,,,,,,,,,,,,,,,
MN985325,25654,orf3a,FALSE,V88L,G,C,missense_variant,,,,,,,,,,,,,,,,
MN985325,25797,orf3a,TRUE,N137fs,CAA,C,frameshift_variant,,,,,,,,,,,,,,,,
MN985325,25919,orf3a,FALSE,T176I,C,T,missense_variant,,,,,,,,,,,,,,,,
MN985325,26340,E,FALSE,A32A,C,T,synonymous_variant,,,,,,,0.055,,,,,,,,,
MN985325,26784,M,FALSE,V88L,G,T,missense_variant,,,,,,,,,,0.085,,,,,,
MN985325,26814,M,FALSE,A98P,G,C,missense_variant,,,,,,,,,,,,,,,,
MN985325,26895,M,FALSE,H125Y,C,T,missense_variant,,,,,,,,,,,,,,,,
MN985325,26918,M,FALSE,P132P,G,A,synonymous_variant,,0.04,,,,,,,,,,,,,,
MN985325,27207,orf6,FALSE,F2L,T,G,missense_variant,,,0.035,,,,,,,,,,0.065,,,
MN985325,27260,orf6,FALSE,R20K,G,A,missense_variant,,,,,,,,,,0.05,,,,,,
MN985325,27381,orf6,TRUE,D61fs,TGATTA,T,frameshift_variant&stop_lost&splice_region_variant,,0.045,0.105,,,,,0.05,,,,,,,,
MN985325,27401,orf7a,FALSE,I3S,T,G,missense_variant,,,,,,,,,0.07,,,,,,,
MN985325,27494,orf7a,FALSE,P34L,C,T,missense_variant,,,,,,,,,,,,,,,,
MN985325,27577,orf7a,TRUE,Q62fs,CAA,C,frameshift_variant,,,,,,,,,0.035,,,,,,,
MN985325,27920,orf8,FALSE,I9I,C,T,synonymous_variant,,,,,,,0.085,,,,,,,,,
MN985325,27950,orf8,FALSE,E19D,A,C,missense_variant,,,,,,,,0.09,,,,,,,,
MN985325,27979,orf8,FALSE,Q29L,A,T,missense_variant,,,0.075,,,,,,,,,,,,,
MN985325,28021,orf8,FALSE,S43Y,C,A,missense_variant,,,,,,,0.525,,0.44,,,,,,,
MN985325,28051,orf8,TRUE,S54fs,AATCAGCACCTTTAATTG,A,frameshift_variant,,,,,,,,0.125,,,,,,,,
MN985325,28054,orf8,FALSE,S54L,C,T,missense_variant,,,,,,,,,0.04,,,,,,,
MN985325,28253,orf8,FALSE,F120F,C,T,synonymous_variant,,,,,,,,0.105,,,,,,,,
MN985325,28285,N,FALSE,N4N,T,C,synonymous_variant,,0.15,0.06,0.105,,,0.615,0.1,0.465,,,,0.045,,,
MN985325,28759,N,FALSE,P162P,T,C,synonymous_variant,,0.18,,,,,,,,,,,,,,
MN985325,28849,N,FALSE,N192N,C,T,synonymous_variant,0.335,,,,,,,,,,,,,,,
MN985325,28890,N,FALSE,S206Y,C,A,missense_variant,,,,,,,0.055,,,,,,,,,
MN985325,29370,N,FALSE,T366I,C,T,missense_variant,,,,,,,,,0.225,,,,,,,